bitstring,count,probability
00100011110000110101011001000010110010100001101100000010110010011000,1,0.0009765625
10010011110101001100101100000000010010010000010000000100010000110101,1,0.0009765625
00111011110011110011000101110100011010111111110001010011100110110000,1,0.0009765625
11011011001011110101101101010100011100101111100111000001000111110001,1,0.0009765625
01110110111110011101011010010010101011001111010011010010011010001000,1,0.0009765625
00111000010010100011101000100001111110011000111010001000110100100100,1,0.0009765625
00110010010110111101000001111110111110101000011110100001110001111110,1,0.0009765625
00001011001100111010101000110101101001100001101011111100110001001010,1,0.0009765625
00100110110001111111001001110001110011111110100110101101100011011011,1,0.0009765625
00100111001001111010100001111000011011100111010110011010110100000011,1,0.0009765625
10010000101011001011101111111011110111110101001110101010000010111101,1,0.0009765625
00001001001111101010100111111011000111001101100110000100011110111010,1,0.0009765625
00100110111010101000101100011000010111101100000011010011100110110110,1,0.0009765625
01001111000011100111101110110001100110011100100100110001100101000110,1,0.0009765625
01110110110111010100000110101001101011110011010111001000010001111101,1,0.0009765625
01100101010110111000101111111011100010100011001101101010010011100110,1,0.0009765625
00001010101000011010100011001101100111110111011100000011100101110011,1,0.0009765625
00001101011101101010000011000000010111110000100110001000100000110101,1,0.0009765625
01110001101000011001100100001001001011011000111010000110100111100000,1,0.0009765625
10101011011111100101001010110001100011111011110100111110000100001101,1,0.0009765625
10101000010000000010111011000001000110011000001101011011100111110010,1,0.0009765625
11000001011100010101001111000000010010100100000101111100010011010001,1,0.0009765625
01111001111101011111000010100000000110010000100010110010010110010000,1,0.0009765625
11000100000001010110011000111101011001000011101101111000010111011100,1,0.0009765625
01100000011010100001000101101101101101111110001100010000010010000100,1,0.0009765625
00101011111000101111100001111100010010001011111011001101010001000010,1,0.0009765625
10110110101101010100001000001100000110110101101000011011100101100100,1,0.0009765625
10100111111111110101101001101000101101110001010110100010110001110011,1,0.0009765625
00000010101001001000101000100010101110111001101100011001100110010001,1,0.0009765625
00010110110100100100100010000000010010111110011011100111110111010011,1,0.0009765625
11011110000001111011011111001000110110100101111101011100100011001100,1,0.0009765625
11111110100001101111101010001101111110010101110010010000010010001000,1,0.0009765625
01011001101000001011010010110001110100110010001110000111000111010111,1,0.0009765625
01110111001110011100001010111000000111001001111000011000000101100010,1,0.0009765625
00000011101001111110111111001111110100111001011100011010000111000001,1,0.0009765625
01011100010110100111100110011000101101011011011101110001000010100010,1,0.0009765625
01000011000101111010100100010000110110101011110111000011110001100010,1,0.0009765625
11101000110110011001010001000101010010011100000100000110100100000101,1,0.0009765625
01110000001110010011100011011101111100100010001110111011000111110000,1,0.0009765625
10001010010100011101100001100011000111100010010010110000000011101001,1,0.0009765625
01011011011011000111100000001010000101001100101100100001101101001000,1,0.0009765625
10000010111111001110011111000111000111100101011011001100000011101100,1,0.0009765625
00110011000000011011010010101001011101011110111001000011010110010101,1,0.0009765625
01101111101011001011111101000001101111000001011011110110010111110011,1,0.0009765625
00111011000100101001000010111100011101000000110101011110000000111111,1,0.0009765625
00001010110000101100100001010101010000101010101100001000110111000110,1,0.0009765625
11000110101101101011100010111001000111101001101100001101110000001011,1,0.0009765625
10111001010001001110000101110110101100110101101111110000110110110000,1,0.0009765625
00011101111011101111000101101100101010001011001101010000010100010101,1,0.0009765625
00111100000100100110000110110000011010101000111111100011100110001110,1,0.0009765625
00011010011110110110001111011000110110100101011111111100000111110100,1,0.0009765625
11011100011000111100001011111001100011111011111011010000010111110110,1,0.0009765625
01101011000111100111100000010001000000000000001011100000100011111000,1,0.0009765625
11110011101001101001000111111010100110101101000111010000100110111001,1,0.0009765625
11001010111110111000110100000001110110110000000111010000010011000111,1,0.0009765625
11100100111111000001111000011000110011101101010100010010010110110000,1,0.0009765625
11000001001000101100000111100011100110010111111011101001000010100101,1,0.0009765625
11110010011101111101001111110000000110011000100010110000100000010110,1,0.0009765625
10111000110101110010101111001000000010101001010111101111010000001010,1,0.0009765625
11011001001110110001001111000101110110111111110110010011110010000000,1,0.0009765625
10011101001101000100101100111000101111100110100010110110000000110001,1,0.0009765625
01011001101010110010010100110100101110011010010000010101100010100101,1,0.0009765625
10000100111001110011000110010100010110101001001100110001100110100101,1,0.0009765625
11000001000010101111110111011000000111000000010111010010110101110011,1,0.0009765625
01000010110011010001000000110001000110100000111011001001100011011101,1,0.0009765625
01001010010100011100001111010000001100011110000000011010000111110110,1,0.0009765625
00000001000110101110110110010100001111100100010011001001000111000001,1,0.0009765625
10111101010100101100100110010010000010101011101100101100011111000000,1,0.0009765625
11001101101101010111010001111100110111101100110101100000100110111000,1,0.0009765625
00100111010101000111101101110010100010010000001101010001100010001000,1,0.0009765625
11010000001010111101000001000101000110111000001010000000010011111010,1,0.0009765625
00000000101101101000010001010101000000011001001101101001000111010000,1,0.0009765625
10001100001100111000100001001000001100110010101111100000110111001110,1,0.0009765625
00000001010111110101101100000101001100110101011001101011010100110011,1,0.0009765625
01101010011011110000000101111100100110101101101110011000011110110000,1,0.0009765625
11100110001000001010000011010110001110111101000001000000010110110101,1,0.0009765625
10011010111011011111001101011101101110101110110111000010100111101000,1,0.0009765625
10001001100000011001110111110100110101001000000111010000110100100001,1,0.0009765625
10100011011001010101110100101001011100000110100011100110110011010011,1,0.0009765625
10011010111100000101000111101100111010101010001110111110011011111110,1,0.0009765625
10000010001001111000111011011011110001111000100011000010000011000111,1,0.0009765625
00001110000100100100100010001101100010010001000101100001100100011001,1,0.0009765625
01101011101100100001001111110001010100000110100110100101000010110011,1,0.0009765625
11000011101000011110001111011100111110111010011001011111110100001101,1,0.0009765625
10100010101001011100000000010100010111100001001001110101000010000000,1,0.0009765625
00100001010000000101100000000001111010110100001011010010010101110101,1,0.0009765625
11000110101101010111000111010001000101111110001010110011100111000111,1,0.0009765625
01101110011111100001001000011101000010110001101011110111101100001011,1,0.0009765625
00101011011101010011100110100100110111110100001100000000010010111000,1,0.0009765625
10100010001010001110100011100101111110011101000111001101010110110100,1,0.0009765625
10010100101000100101001000001001000001100011101101010100000010000010,1,0.0009765625
00001011011111000110010100010100101001011001101111010010101101100110,1,0.0009765625
11101011110111000011001001110011011011011010101111010011010001011101,1,0.0009765625
11111110011111001011000000000100001011110101110110011010010001100111,1,0.0009765625
01001100110111100101000111011110000011111111100111001001010011110100,1,0.0009765625
01001111101100011100100000111000011100001111000110010011110100101010,1,0.0009765625
01100011001010010110001011111100100110100110000100110110000111111000,1,0.0009765625
10110100111010010010011010110000000011111100000011000001100101001111,1,0.0009765625
01000001111011000110101100010101010111110011010111000001011101101001,1,0.0009765625
01000011111001001110100100010101111000010011111011100100010100100101,1,0.0009765625
11000010011010010110101110110001110100001101100110110100000001000101,1,0.0009765625
11001110111101111000101000010100001101010011101011000000110010111010,1,0.0009765625
11110011110110100111010110011100100101011001101110101011110110111001,1,0.0009765625
00110101000110110101001111010110100100001101100000100111010001100110,1,0.0009765625
10000101010101111010000001101110101111110011100100000010000100110011,1,0.0009765625
00100111011110100110000000000100010110000110000001110110010111101011,1,0.0009765625
00100101000101100011100110001000100010010001111100000111100101110000,1,0.0009765625
01011110110110110100000010000110010111001011111011011011100101110010,1,0.0009765625
10011011101101111110000101101011000110000111101001100000000001000110,1,0.0009765625
00100010010110000100100010010001111000001010001011110100010101100000,1,0.0009765625
10101101000010100010001010011010111100101111011011110010110001001001,1,0.0009765625
00000011000101000100001111111010011111001010100000001001010111111100,1,0.0009765625
00111101001110000000001001101000110111011100001011001011100111110010,1,0.0009765625
01011111000000010001000001110111011000011000001010011111110011001000,1,0.0009765625
11000101001110001110010000111011000101010011000001111110100110101100,1,0.0009765625
00101001110011100111100100010010100010111011000111010011000110010000,1,0.0009765625
10101010001100100010100100000010011110010100110101100101110111011001,1,0.0009765625
10001010010111001000100111001100110110111110101001100101100010111010,1,0.0009765625
00000101001010001101010101100100110010101100010010100011100001011110,1,0.0009765625
00010111000110101110111100001101011101110101101111100010110010101010,1,0.0009765625
10001001001101110011111110110100000111000101100001100001110111011001,1,0.0009765625
00101010010101011101011001001010100011011111000111000011110011001000,1,0.0009765625
01011100110001111010001110001100111101101010100101110101110111000101,1,0.0009765625
01010110010110010000011000001000011010010010101010101101011001000011,1,0.0009765625
00111100101011000000101011000011001011101111101110011111000001110000,1,0.0009765625
00101010111010011010011000011001011101110110101111100011100011110010,1,0.0009765625
10000001000000000101101000111010001001101111000100101011100111101100,1,0.0009765625
00101001100001010111001110011111101111010100011110010101110101100101,1,0.0009765625
10100011101111110100100010111101000110111101100000100010000010101001,1,0.0009765625
11000010111100001010100111010000101011000011101100110011010011110011,1,0.0009765625
01001011110111000100100110111001110111100011011000110110101111101001,1,0.0009765625
00110001111110001100001001100000101010111110101101100100110111010001,1,0.0009765625
11001110010010000010101111111100011110100011000100110010000101111010,1,0.0009765625
00111010111100101011101011011110001010011110010001110100010000010011,1,0.0009765625
10111111100101110111100001101001110111011110101110010000100001001011,1,0.0009765625
00111100001110100011111110000010100111001000011000000011000010110010,1,0.0009765625
11000010100100011110100000010000110010001100110010101000110010010010,1,0.0009765625
01001110001101011100111100010010110111001011111100010110110001100000,1,0.0009765625
10001101010000001100100100110001001101000011011111001000110100100010,1,0.0009765625
00101001100110001010001010111000110001110000000011101010000001100010,1,0.0009765625
10110110101110100010000101001100110110101111011001101100001101011111,1,0.0009765625
00101111100100010110111100110001001111011100111000011101010111000101,1,0.0009765625
10001010101011000100100101110100111110100000110001110100000010110000,1,0.0009765625
10000101101100011000100110010010101101010101001101000111100000011000,1,0.0009765625
00000101001110001111010011111100001011001110010001110000101101000000,1,0.0009765625
10100000101011101111000011011010000111000100101000101111100100011001,1,0.0009765625
10010110101000100110101111001001110101111110010110100010010011001110,1,0.0009765625
01010001110000011010000100011100001110001011010100101001010101000100,1,0.0009765625
10100000111111000100000000110111010110001000010000110011100101000010,1,0.0009765625
10100010010111111011111001101101100111000111101011010001110101110111,1,0.0009765625
11010011101111111010001011010100100111110110110011100011110111010110,1,0.0009765625
01000001010001100011011111111100001011101010011100011100100010110111,1,0.0009765625
10111000101101000110111011000101100100000001100101010001110010010011,1,0.0009765625
10011101010111001011010011001101001110000101011101010010011000101100,1,0.0009765625
01100101110110110110001000100010001110010011010100110100010110000001,1,0.0009765625
00000001111110010111111111010001111101010001110111000001100010000000,1,0.0009765625
10010110001000110010000000010101000111001100110100100111000011010001,1,0.0009765625
00101010001101000101010010010111101000110011110110010111100011111010,1,0.0009765625
10000001001110001110111010010111000010001100010110010000100110111001,1,0.0009765625
10110010100110100110000110010000100110010011111111001001101001111000,1,0.0009765625
00011111010101111011010000000111011100101001110110001100010001011011,1,0.0009765625
01101100010010011011000010010010001010001111111001010000010011110100,1,0.0009765625
11110000000111100100000100010101011010110111011010110000010001010010,1,0.0009765625
11100000011101010000100110010111101111101011000111100011100101100010,1,0.0009765625
11101000110100000010100010111010011011000001110100000111110111110000,1,0.0009765625
00001101011001100001010001101111100111101001111011110000000011001001,1,0.0009765625
01010100001111001010001100011100110111000000010100111001100000000110,1,0.0009765625
11100110011000110101000101010101001010001000111010111111100111010101,1,0.0009765625
01001010001110101011000001100001000110111100010110000011110001011100,1,0.0009765625
01001100101000101000001000010101000101000101100101100000100011110110,1,0.0009765625
00000010100100010011001111110101101010100100000011000001110011001000,1,0.0009765625
01111101101100001101001100111101010010000011011100100100010011100100,1,0.0009765625
00001010010010111111110001010001101111010110110100000001001101100000,1,0.0009765625
10100111111010000110101100001001111110011101011001101100000111000001,1,0.0009765625
10000011000100111010010010010001001001010100100011011000010110001011,1,0.0009765625
10000110000010101010001100011111101100111101011000110101100110101010,1,0.0009765625
11111101000001100010011010110010100110001111110110000011001001010001,1,0.0009765625
01001001011100010010011001110111101011111001001100101010100110101001,1,0.0009765625
10111110101111110111100011100111010111000001011110110011101001110010,1,0.0009765625
10111010011001011101000100010010100011111010101011011011100100110010,1,0.0009765625
00010011111101110111100010000100101101011101100100100010100100111011,1,0.0009765625
00011100111001101010100100110001000110110110000101011111010111010010,1,0.0009765625
10101111000010111110010010010001101100001001011110001100000101011011,1,0.0009765625
01001011100010100000101101001110011100001000101110110011000100111001,1,0.0009765625
10001110100101100100101110101101100100111011010101010111000110001010,1,0.0009765625
01000010110011100011001001010101100110110001001101100001010111110110,1,0.0009765625
00010011100000000111010101000100010010000101101110110011110111000010,1,0.0009765625
10000111110001101100001000010100010111101011001011100010100100001011,1,0.0009765625
00101001110111100001100011110100110111100111011010011101110111100000,1,0.0009765625
11110100010110111110000110010010111110110010000001110010000110001011,1,0.0009765625
10000110111101110010100110100111001001110100101111010001010111000011,1,0.0009765625
10111000001111011010000011011001011010010111101001010110010101110010,1,0.0009765625
00011110010010001010001000111101001111111100111011000010100010010101,1,0.0009765625
01011001101100110011101101010111011111001001111010110111010111011000,1,0.0009765625
00100011100111010011000011110001111111101110100001110001010011100011,1,0.0009765625
10000100000000001010001010111111001110001110101101101100100010001110,1,0.0009765625
11111111110010110110000101010101001010000011011101000011010111000000,1,0.0009765625
00001000101100110001100110011011100010010000101001100001111001111011,1,0.0009765625
10001001101110000111011100100101000010100001010110111010110011000011,1,0.0009765625
11110100101111101000011111010000011010100011110011000011111101110000,1,0.0009765625
01101001100111111100001100111001111111011110110001110000100000011111,1,0.0009765625
11111010111001011001100001001001011011000011001000000110010100100011,1,0.0009765625
11110101101011101110001110011100001100001000001110011011010100110110,1,0.0009765625
11001000110010100011000000100000010101111001111000011011010001101011,1,0.0009765625
10010101111110100011001111010100001000001111111001010011000010010001,1,0.0009765625
01110010001100011001101110010111010000100101100111111111010101011010,1,0.0009765625
00001100100100011001010110110100011001111100000011000100000111011100,1,0.0009765625
10001000011100111111101001100001111100111000010000001001010101110001,1,0.0009765625
01101111010110000111101110000000111111001101000111110100000011110010,1,0.0009765625
01010001011111101100111101111110000110011000100110111001100000011011,1,0.0009765625
00000001010101100111100101010010111110000111011101110010100001010010,1,0.0009765625
00011011010010000111101010100011100011110111101111010010000101100001,1,0.0009765625
11000011011111101001001011100000110010101100010011101000000010110101,1,0.0009765625
00010100100111001110000110101011011101110100010011011000110001110000,1,0.0009765625
10100110010000011000001010110000001101110111101010010110010011100000,1,0.0009765625
11101110010111010100001101010011000100001001011001000000100100001110,1,0.0009765625
11000001100001001001101011111101001010101010001111101011010110100010,1,0.0009765625
10001011100010100101100000110000111010001011010111001100100011011000,1,0.0009765625
00100011111100001101001110111101010010011000111101110010100101010101,1,0.0009765625
00011011011110000110000000010010110011011011100100001011000000110100,1,0.0009765625
00111001000110101010001000010010100011100101100010111001110110100010,1,0.0009765625
01111111010000101001001000011100011010010111101010100011011101100001,1,0.0009765625
00001001111101010000110011111100110011011111011001000000010001100000,1,0.0009765625
01000100011011100100100001101000001011100000010010110100100001010010,1,0.0009765625
11101000010111000011000000011101001110110111101010001000010111100100,1,0.0009765625
00110101110101111100001000010011111010111000110110001011110101010010,1,0.0009765625
10001000110000000011000010100011011100100011101010110010010000001100,1,0.0009765625
10001001000100000100000010001100000101101101001001011010110000101000,1,0.0009765625
11101111110111000111000111100101000110110110101000110110010001101110,1,0.0009765625
01111011000100011111001000101101111110011011011111010000111010101101,1,0.0009765625
00110101000110111110101100010110101100101101001011011101000111011001,1,0.0009765625
11000101110001100000100111111000010100111001110001100010100010000000,1,0.0009765625
01011110111000100110111010111111100100111000100101010011000111100111,1,0.0009765625
00010001110000100010001010110011011101101011010011110010000110110010,1,0.0009765625
10111010011101000110000001111100100101101100111100110101101100110000,1,0.0009765625
00110010111111101000001100100001111011011001010001111000010010101010,1,0.0009765625
00100001000001000110000011100011100011100110001000110011100110001100,1,0.0009765625
00000000010110000011000111001100011011001111010100110000001110010101,1,0.0009765625
00100100100111101100001000110110010110110001001101010111100110000000,1,0.0009765625
00100100011001000010111111000000010110011100010011111011000110010010,1,0.0009765625
11011111011010010101111011100101100001011001000011000110100100000101,1,0.0009765625
01110011110100001000100010011010101111111011100111000111100111001001,1,0.0009765625
01100100011101100110010110111100001101110111101010110010100010010000,1,0.0009765625
01011101100100000101100010011101001000001111000100100011000110111000,1,0.0009765625
10001010001100110011000100010011010101011110101111100111100001010010,1,0.0009765625
00101100011100000011101101000010101111000101111010101101010011101011,1,0.0009765625
10101100010101111100001000110101001011010001100011000010100101010101,1,0.0009765625
00000111110101001110111000101100100111100001011001101001110011001011,1,0.0009765625
10011000110011001000000010101010110011000110000010000000000111011001,1,0.0009765625
00010010100110010000001100001000111111101001110001100100100001010000,1,0.0009765625
01101101111100100110010100001000110101100111011001000110100001000110,1,0.0009765625
11010001110101110101101010011011001010010100111110100001010111011000,1,0.0009765625
01011010100101001100100001111010101010000010001110001000100000010011,1,0.0009765625
00010101110110010101101100100101110101100010001111100011000011000010,1,0.0009765625
01100011111110101000001000001110001101010011100011111110110101001011,1,0.0009765625
00110111100101100011010110001111001111011101100111010001001111010000,1,0.0009765625
11110111011100001111000000000001100111011111111111011000000010111000,1,0.0009765625
10000001100110100111110001110100100100010011110011000010000111010011,1,0.0009765625
11010011011111001011101010010111110101000110101000110001100101001000,1,0.0009765625
10110101010000010111001000110000110100100101101011111100010100110101,1,0.0009765625
01101011111110000010000101110001011010011010100010101110100011111110,1,0.0009765625
00100011000110000001010111110111011011111110001001010010010101100000,1,0.0009765625
01000000000000001001101101000000100011101001101110000010000011101001,1,0.0009765625
11100101010111111111100111110111000100011101101010010010100011100000,1,0.0009765625
00011011111000100111101011001011111010101011100110011000100111000010,1,0.0009765625
00000101101010011000000000010000011111000110000010101000001010100010,1,0.0009765625
11110101000100100110001001000101000001010100110111110100100000111100,1,0.0009765625
00100001001111110111111101110011010100101000111001110100000100100010,1,0.0009765625
00100010100000101101101101010010110110101110111101111100010100101000,1,0.0009765625
11101010000011011101001001110000110101000100110010110111010110010101,1,0.0009765625
00100001011000101100000011010101110001011110010110000011000110011111,1,0.0009765625
01001110000111011100001010111101101111110110101010001001110100101011,1,0.0009765625
01010110101101001111101111110100011010111010110101110111110101101010,1,0.0009765625
10001011011001010010100111010101001110110011001011100010000000110111,1,0.0009765625
01110100001101110111001100111000110010100010100101001010110111000111,1,0.0009765625
01000110101001101110101110010100101100101101101011000111000110011001,1,0.0009765625
11111011001011000111001110110001001101100011110101110011010110101010,1,0.0009765625
11100010101100100100100000001101110111001010100010110101110101100100,1,0.0009765625
10110110010001111000101011111001001011011111111000001101100001001000,1,0.0009765625
00000101001110100011001111101001101111011011101100100100100011000111,1,0.0009765625
10000100010101000111000010000110110010110101110000001001010111011100,1,0.0009765625
00100010001100110101100001101001011111110000100110101010010001101110,1,0.0009765625
00110101000111100111101101110000100101100010000000110000000010000000,1,0.0009765625
00111011000110000011100100111110111010100101110001101011101111100101,1,0.0009765625
00100010000111010000000111110001010111100000001010011111101011101110,1,0.0009765625
01011110110101100111000101000110001101110101111100100000100001101011,1,0.0009765625
00010110010100011001000010111111001111111101101110000001010011111110,1,0.0009765625
01111010110000111100001011010101011000010100100100100101110110001011,1,0.0009765625
00010110100101010111101001010011001110001110110011000010110001011000,1,0.0009765625
11001011100001001100000100011001010110110011011110100001011001000010,1,0.0009765625
01100010101001111101010100111101111100010100001111110000000011110010,1,0.0009765625
00111111011110110101000000100001101110111100000100000110010001110101,1,0.0009765625
00010101010100110011001011101110110110100111000001101001100111000110,1,0.0009765625
00001011010001000010000100011100101010011010101001110001010001101111,1,0.0009765625
10000111010110000101011100101000010111100111000010100010010101100110,1,0.0009765625
10001011101010101100011000111110011111100001100110101111110010011010,1,0.0009765625
00100110011110111000100000111101001101000001110101111001010001110010,1,0.0009765625
00101100110000010010001110111100111100000100101101100011000100110010,1,0.0009765625
00101100101111001011000101011000010110110110110011110101100101110110,1,0.0009765625
00001110100100111101000010101001010111101011010100010011011100000110,1,0.0009765625
00000001110110100000000001111111100111110101100100010001011000100100,1,0.0009765625
11101111011011000001101011011100010001111011101111110001110101111011,1,0.0009765625
00100001100001111110000110111001010111001000000110000101000100011110,1,0.0009765625
01110001110101000010001110010100000100010101111010111110111111011101,1,0.0009765625
10101110011101011011001011110111100111000111101111100000011011100101,1,0.0009765625
00001011101100100001001100010111111101101101111100001000010110100011,1,0.0009765625
10111100110011000111110100010000000010111011100000010101100100001010,1,0.0009765625
11001111010001111011000101010011100111111001001111100010100110011101,1,0.0009765625
10100011110010011110101101110011000000100110000100100100010001010101,1,0.0009765625
01010011001100110010001101101000100110000111010000111000011001110101,1,0.0009765625
10101111000000010001001101101101001000000011111100001011110110111111,1,0.0009765625
01111101001110110010111011111010100110000100110001100001001111001000,1,0.0009765625
00100110000011000010101010010000010101111101010101111011100111000010,1,0.0009765625
00110010110111101111000010100000001001101100001110101001000100000010,1,0.0009765625
01000111101010010001100100110001011110100011000110010011111100100001,1,0.0009765625
00111101010100100110110100011110100100001000110100100010010000011010,1,0.0009765625
10010010011010001011001101010000110110010011000001110001000011000000,1,0.0009765625
10101011111110111011010010100000011110001110001010101000110101011101,1,0.0009765625
11000101001001110000001100110000011111011001000001000010110000110001,1,0.0009765625
00110011000100111100101101101010000010001110111110010111110111010001,1,0.0009765625
10111010010011100111101111010000000110110110010010101101111010011001,1,0.0009765625
11001101111111010110000100010101100111111001111101100010100100111000,1,0.0009765625
01011111100000100011101101100110110011010000011010110011100011011011,1,0.0009765625
11000101010011000111001101000010110111000101000100000111001110111001,1,0.0009765625
10001000100000100001000110100110011000011110010100000110010101110001,1,0.0009765625
10011101011100101110101011011111001100100011111001011110110001001011,1,0.0009765625
01000101100101000011111111001000110000011101110111111100011010010101,1,0.0009765625
10011010001111111011100010011001011111011010101110010110011011011100,1,0.0009765625
10000011000111101011001011001101011011100001101101000100001000011010,1,0.0009765625
11010111110010111100101000101100110010011111011101110010001111010010,1,0.0009765625
01001101011101011111010101110001000110011011111101100010110111111110,1,0.0009765625
00001000011110101100101011000100010111110000111011110011100110100011,1,0.0009765625
00001110001110010000111100010111000100110101000111010100110110100011,1,0.0009765625
00111011001000001101000001101100000101110101111000100001000110001000,1,0.0009765625
00100010010111010101001010110101000111110100110111100101000111010100,1,0.0009765625
01001001001000010000001001100001001111111110001010101000000101011110,1,0.0009765625
00001100011000000110111010100000100000111110101001110111000111000001,1,0.0009765625
01001101110001101011010110111011101101001111000011110011100000100011,1,0.0009765625
10010101110010010101010000010011110111011100100111010010110000001001,1,0.0009765625
10100011100110011100110000011111001100101110100110110100110010110000,1,0.0009765625
01101111101111011011000111001000001100110000011011000101110101000111,1,0.0009765625
10100100111001011101001111110001101000010101010010010001000011010010,1,0.0009765625
10100010100100001000101111111001111001000111000001111111001100110101,1,0.0009765625
00000010101100111101010001010010101100010010100011011001110110010011,1,0.0009765625
00101111100110111111001111011110110011111000111100011011010101110001,1,0.0009765625
01111101001000101000100000000001001010100110000101111011100110100111,1,0.0009765625
10000101000111001100110111101101010110000000000000111001100110011011,1,0.0009765625
10100101000101000001101100110111001100110101001100101000001000100001,1,0.0009765625
10000101111010111000001110100110001110100001100001100010010011000011,1,0.0009765625
00110100011101101100001101110001010110100100110111010000000100001111,1,0.0009765625
00000000110100001101000110001000010101011101010100111110100111110001,1,0.0009765625
10000111011100010110100110010011010110100111000001100010010001000110,1,0.0009765625
00001011100101010111000100010011101111111101100100010010010111010010,1,0.0009765625
00000011010011101111000010000010011001100011111001101000100110100001,1,0.0009765625
01100011001100111000101011110100111011101011011100000101000000101101,1,0.0009765625
01100001001100100111000010010101000010100001010011000010000101001011,1,0.0009765625
00011101111111000111100101111100111110000000011101000001000110111011,1,0.0009765625
11101111010001011010001110001111100111011111110011010001110010000000,1,0.0009765625
00000101011010010011101101001011001101010101010110010001000101011101,1,0.0009765625
00001001100001101101100010010101010010100011000011100110100101100001,1,0.0009765625
01101111101100011111000001000000010110000001000000000000100010100100,1,0.0009765625
10001010010110001010000100011010101101101011101100000110100010101100,1,0.0009765625
11000110010100110101101001100111000110000110011001000010100110010000,1,0.0009765625
10100000011001011100100111101001000001000101010001100010000010001000,1,0.0009765625
10001010101101111111011110111011101101001101110101011101011100010111,1,0.0009765625
01011110011010101010001111100001001011100101010001000000010100010100,1,0.0009765625
00000110100111100111101111010001000110110111010010101101010101011000,1,0.0009765625
00001000000011001110111101111010101011001011000101000001010111010010,1,0.0009765625
01111010110110010111000010100000010111001000000101110000000001001010,1,0.0009765625
00011011100111110001001100111111011010011001001011010010110010111010,1,0.0009765625
10100110000000010000000000011110111111111001010110010000100011110111,1,0.0009765625
11101000011001001100001000111010010111010010111101011101110101010010,1,0.0009765625
10101111111000111011101101101000101101111100111101000001110011010111,1,0.0009765625
01101001011100000110010001100110000101110110001111111001100110011000,1,0.0009765625
01110111111110010101100001011000101110110001010000110011100101101010,1,0.0009765625
10101000011110101111101101001101011110001110100100010000100010110001,1,0.0009765625
01100111000110111010000100011000100111000000100011010110110011001000,1,0.0009765625
01101100100101001100001010000100111110111111000111010011010001110100,1,0.0009765625
10011101101001010010000010000000101100010111001101000111110101011110,1,0.0009765625
00000011010001010011001110110100011001010001000110000011000011010011,1,0.0009765625
01000001110010000111000100011011010110100010000111000001000110011110,1,0.0009765625
11000100100111101010010000100001101010010101111010110100110101011111,1,0.0009765625
00101000000001001010100000010010101100100110111001011001110010111010,1,0.0009765625
10001011011110010010000110011000001000000101111000110011000110010010,1,0.0009765625
10001011111000011101010100111111001011110101011111100010110110101010,1,0.0009765625
00001010011000101011011010011100110111101101110110000101110000010001,1,0.0009765625
00100000000111101111011101110001111100000000001001010100110011001001,1,0.0009765625
10001101111100001110000000100001011100001000011110011100101101011100,1,0.0009765625
10001110100110111000100101011001000000101100110110111101100011110111,1,0.0009765625
00100010110101111101001010011111000100110110110001011111010110110011,1,0.0009765625
10001011111010011001000010000110110111010101110000110011010100110010,1,0.0009765625
10011110011110010010101010011110010010111101001000111000000000100001,1,0.0009765625
00011001011111111100001000110000100000101001111111010100010011111000,1,0.0009765625
11111011100001001010011100110100100100000111000000110000100001011111,1,0.0009765625
00110001010011000001100101110110101110000100000101000001111010110010,1,0.0009765625
00101011101011111010101010111000000010110011010111101101110000010100,1,0.0009765625
01000011010101101010101011000111100111001101010100000010000101100001,1,0.0009765625
10001110001001100011101011111001000111101010010000110110110011100100,1,0.0009765625
10001100000100100010100001010101111110111000001000000011100111111000,1,0.0009765625
00000111000100100101101110100100000111011101000100111110000101000010,1,0.0009765625
10100001110001110111100101000100011110011111100010010010000101010011,1,0.0009765625
00111011100011100100000001011101101011000110001100010001110110000001,1,0.0009765625
11010111011010111010100101011100011110100110010000001000110100010111,1,0.0009765625
01111101000011000001001100100000100110011100001101000001110111001110,1,0.0009765625
01000101011000100100101111110101010101100111101110100000010110101110,1,0.0009765625
10101101100001101111100011100000001010110000101110001010000101110110,1,0.0009765625
00100011000000100110100101100101011010101111101110001000011101010011,1,0.0009765625
01101100101111111011011001000100110111101100011000000000010110110111,1,0.0009765625
11001110110000100101100111000000110100110001010001000111100110101100,1,0.0009765625
01101011010101001011000110101000001011000000110001101001111011011000,1,0.0009765625
01100101100110011111000111001000010001101000110100111001000010000101,1,0.0009765625
10001101101101001111101110010011110110011111110000000100110111111001,1,0.0009765625
01110000001111100110001101100010000111110111011101100100110001001001,1,0.0009765625
01101000001100001000101110001101010111101111101110001001110100010100,1,0.0009765625
01111111110101000011001110100001110100101011111001010101010011100100,1,0.0009765625
01101010001111101100001001100111110000100010011000110010011001110100,1,0.0009765625
00001010010010010100000101010000100111101001010111101011010001000101,1,0.0009765625
00010110100110010001100100000101000110100111010111011111010011011011,1,0.0009765625
00000011100010110011101100011101001011011001100111000011100010101001,1,0.0009765625
01000101011011011111001010010111111111110000011100110000100100000111,1,0.0009765625
10001110000111000010001100010011010110111111000001110011011010101101,1,0.0009765625
10001100001000011100000010100100010111100101010010110100001110011011,1,0.0009765625
00001101110111000100001001011001010111000011110100110010010101101100,1,0.0009765625
11001011110101010000000001101101000011101101111001111010100011000010,1,0.0009765625
11111111010110111110000111001100111110010000110101110001010110110000,1,0.0009765625
00100011000001010010100010010000111011110100001010110011100000001001,1,0.0009765625
01101011110010100101001111100100101110110010011101000100000111001111,1,0.0009765625
10111000011011100111100111110001110100000110110010100101110110110010,1,0.0009765625
10101100101110011110110001011100010001010001000110100010100110100011,1,0.0009765625
11010010101100110010001111101001010011010001101110100011100110100111,1,0.0009765625
01011011010101100110100000100100111110110011111111011111100101111000,1,0.0009765625
11000101011001001011010001110000100011000110110000010001000011111110,1,0.0009765625
10111110111101010111000000001111100010101001010000010000110110110000,1,0.0009765625
10011001010101111111011001000110000010000111111110001010011101101010,1,0.0009765625
11000000000001010001110001011001011100000001000100011010101011101111,1,0.0009765625
10101110001011111101101010001100000011101000000110101011000100111010,1,0.0009765625
10010000001011011010001110010000101110011101100100001100000101001010,1,0.0009765625
10011110010000111110001000010110000110101110000010100010110110110110,1,0.0009765625
11111001110010100010100101111100111101001110101101110110110110000111,1,0.0009765625
10001101100100100110111001111001001001100001111100100011110000100010,1,0.0009765625
00011001110001010110100000010000110010111010000001000100110011010110,1,0.0009765625
10000011011110010010100001111011110000100000100111000010100110010100,1,0.0009765625
01111100100110111011000000110000001101101100111000011001110000010001,1,0.0009765625
10101001010101111111000111101101100110001011111100100000011111111001,1,0.0009765625
10010000100110101001101110001000100111100110111010010001111101110001,1,0.0009765625
11000001010111100011100001111000100101000001000011110011101001111000,1,0.0009765625
00001010101110001001101010111001001011101000101110100011000111010001,1,0.0009765625
11111010000000101101001100110101001001110011001110000100110111101011,1,0.0009765625
01101000001101001011001101010110101000111101001101100111000111001101,1,0.0009765625
10110010110110110011000000001000010011001001010100111011010110100000,1,0.0009765625
10001111111100101101100011000001100010011000100011100011100110010000,1,0.0009765625
01100000110010111001001100011101111111110001011111001011001010111000,1,0.0009765625
10100011010110111111101001110101111100111110010000110100110010110010,1,0.0009765625
11000111110011111011101011110110110010011101111010000001010110110001,1,0.0009765625
01011100001110010010100100110111001111111111100000000100000111001010,1,0.0009765625
00000010011000101010000101100110101010101101000111000010111011010100,1,0.0009765625
11101110001110001110100111110100010111000110101011100000100011011001,1,0.0009765625
10111110110100000111011000111101010110110100101101010111100101111001,1,0.0009765625
00100111100011010000000010010100000011111011000101001100011111111000,1,0.0009765625
01001110111110000101101001000000111111111011100001000011100101100001,1,0.0009765625
00001110101110000001101111000110001110111101100110110111000001011100,1,0.0009765625
01001110101111001101000110000001101110011100101010000010100101000101,1,0.0009765625
10101001010100110110000110111011100001111011101110000000000001110011,1,0.0009765625
00000001011100100111000001110100010011001000011011110010110111101101,1,0.0009765625
00000010000000110110001100001100101110101010011010110111000101010111,1,0.0009765625
00110010010100011111110100000101011111101110110010010110100001000011,1,0.0009765625
00100101000110100111001111011101111101001011111101011000101111010110,1,0.0009765625
11010011010010011010100011101001111111010101110111101000001011001011,1,0.0009765625
01110011110010001100000000111100001100101011101100011000100001110110,1,0.0009765625
10000101110011100010101101101111100011100111101011000000000000110001,1,0.0009765625
10000100010101000100100000001110101110111001001101001111100110001000,1,0.0009765625
10011010111111111110001111110101100111001010010010010000000101101100,1,0.0009765625
00001101000101111010111111101101111100110111110011010011010101111000,1,0.0009765625
11101110100000110100000101110011101110010101000101001000001010101000,1,0.0009765625
10101100000100001001000000110000010101001100011101000100010010100000,1,0.0009765625
10001000100100101001101010001000110110101011010101111001000011011001,1,0.0009765625
11101001101000110110011100010101100110010110110100100001010111110000,1,0.0009765625
11100011000101000011011100011001001110001001011000011000100111000100,1,0.0009765625
00110010000111001000000111100110110100111111011001110010000100000100,1,0.0009765625
00110111101000011011000100000111100100001011001000010011010011101011,1,0.0009765625
01101000010101100101010001100001110101000001000101100000110001000000,1,0.0009765625
11000110110100110111000101001000000111100000101110100000010010110100,1,0.0009765625
00001010100011101110011010111101100000001010000100101111110100110001,1,0.0009765625
01111101110111010111000011001100001111100110010111110011100100000100,1,0.0009765625
11101011000010010001001011001101000101101100111000100011101101011010,1,0.0009765625
01110001011100110110110010000001101111100010001011100001010001110000,1,0.0009765625
01000001100011110110011010000111010000110100101101100011000010100001,1,0.0009765625
10100111010101010111101001100101110100011110011000011001110111111111,1,0.0009765625
11011011101111001100001011000001001101010000011001000100010001101111,1,0.0009765625
10101010100111100110100101111011100010000101111101010100110110000101,1,0.0009765625
00000000100001110011000101110011110111011000001111111011000010101001,1,0.0009765625
01111001110000000101000110000000110010011100110111100111000010110110,1,0.0009765625
00101100110001000100101100101100101100111010011100000001101111100001,1,0.0009765625
11101000011001001010100011000100111111110110001111110101010100111010,1,0.0009765625
10101110111001000101000001111000100111111111000011101000110001000001,1,0.0009765625
01000011111110110100001101000011011110100110101101111111010110000100,1,0.0009765625
11010111010111010000101110010100010011101000100111100011000101111010,1,0.0009765625
11111011111111100101000100100110100100101111111111011110110010010000,1,0.0009765625
00110011010111100110000000000100000010110111011011110010110100010000,1,0.0009765625
01100100011100101111001001110001010110111000011000001000000100110100,1,0.0009765625
10100010001111010001000010111100001101111101000101111100110010111001,1,0.0009765625
11100000101100110111001111010111101111010111110000110000110000010001,1,0.0009765625
11101110000110000100011111100101000110111101110101100100110000010101,1,0.0009765625
00111000001011101100001000010111010101001011000100100101000001101011,1,0.0009765625
01100011101011001110000001000101101000000110011001000111100100101101,1,0.0009765625
00001001101000000010100011100010110110010111001010110110000110000101,1,0.0009765625
10001110100111000110001001001000000100001111101011011001100001100001,1,0.0009765625
00011111011101001111000101111011111100010010001011100111000001100110,1,0.0009765625
10111000101101101101000111011111101001100010110010010100010110010010,1,0.0009765625
11000000000110101100000111111110111101000010100010110001100000000010,1,0.0009765625
00000000010101101000000010100111110011001010101111010001000111110010,1,0.0009765625
11110010011001010101011100111101101011011110011111000011110000011011,1,0.0009765625
00100101010001101100001111011001010110010110011011100110010011100000,1,0.0009765625
01000010001010110000000111110011101110010001001101001001100110000000,1,0.0009765625
00000010010110001010101001110001011000000101100111010000010011001010,1,0.0009765625
10101111000100011111000000110100111000100101100110100000000011001011,1,0.0009765625
10000000110100000000001110110000101000110100000010000110110110011101,1,0.0009765625
00110001100101100000001100100000101110110000111110001011000110001001,1,0.0009765625
11001010111011001100000010010001001111111111100000010101000010011011,1,0.0009765625
00110111001000010010001111100100000110110111101100001100000110101111,1,0.0009765625
11100000100011101001000001010011011110000110100000001000100111011100,1,0.0009765625
01101001111110000101101000000110111100100011101001010000011000110011,1,0.0009765625
10001011011100111111010111010001101010111011011010101000110010001010,1,0.0009765625
00101110111000110010100111000101111101011011000011101010000000011010,1,0.0009765625
11000000010100010100000010000010111110000101110001000110101110000100,1,0.0009765625
01100001111000110110101111010110110110111100110111010000010110010000,1,0.0009765625
01001101110101001101101011000110011101000001100010101010010010000111,1,0.0009765625
00011010100101110001011101111101111111001001001101111111110011110011,1,0.0009765625
10100101000101000111010110010011110110001000100011000001000001010110,1,0.0009765625
00101111011000010100000100101101011101110011011111100001010100010100,1,0.0009765625
00011101100101100100000000000001011000101000011101100111010110010011,1,0.0009765625
00010100100100011100001001010101100111000100101110011101110010110100,1,0.0009765625
11110010101110101010000111100000100110100001100110011001000001101110,1,0.0009765625
11000001111111101110000100000001101001000101101110101011010110111101,1,0.0009765625
10000100000110100100001000110000000100110010101000011010101100001001,1,0.0009765625
00001100111111100100110001011101101100101111011000000101100011001000,1,0.0009765625
10010111111011011111101001110000010110100100111011001101100101010011,1,0.0009765625
10001000010010110001100000110100010010110101010101110011010010010001,1,0.0009765625
01100101010111001011001111111110100001111111110010110001010001100001,1,0.0009765625
10100111010100010101101000101000110000000111000101100010000110100011,1,0.0009765625
00101110010111101111010011101011100111010101010000100001000001100100,1,0.0009765625
10001010110111000100000000111101101110010000100000100110100000100000,1,0.0009765625
10011111111010110010100000010010110000001111111111010110010010100001,1,0.0009765625
10101001111010100000101001100100001101101001001011100010010110110001,1,0.0009765625
01101001111001011101001011010001001101111110100000010011111111111110,1,0.0009765625
11100011001101101000000000011110100111010001111100110011100110101110,1,0.0009765625
11001111101101100101000110001100011011100000101010000101000010100011,1,0.0009765625
11011010110110000110001101010001011110000111101111010101111110000011,1,0.0009765625
11111011111100001010101001010111111000111011101101100111000011000000,1,0.0009765625
10010001011111100101011100110000100111000010011011110111001110001000,1,0.0009765625
11100111101000011100100000000001100001011000110100000001010000011101,1,0.0009765625
01010000100100001111010001000101110111001000000110110011001111111001,1,0.0009765625
00010110011111010100101100000101001000110011010100101000000000000011,1,0.0009765625
11110011100011101001100001001001011101011110111000011001010000110000,1,0.0009765625
10101000101110100001000000010100001100011001101001011111010110101011,1,0.0009765625
01000001011101101100110010001011111111000001001101000100110110011011,1,0.0009765625
00101010000100011001000110101100001110100010001001110000100001000110,1,0.0009765625
11000111101011101011011010010011001010111010111111001100010011010010,1,0.0009765625
01001001011001000101001110001100010111111100100011101111110110011011,1,0.0009765625
00100010100001111101101011010000010011110011100001111101010001001001,1,0.0009765625
11110011011111010110001101000101111100100011110000100000110111100011,1,0.0009765625
10111111111100010010000100110110001100001111110110001011100000011110,1,0.0009765625
00000101100011100100000011011011011001110100100001110001010110000010,1,0.0009765625
00011011001001010001111001100011010011001111001011100011100101111101,1,0.0009765625
01011111101001001101100000100100101010101100101001100000000001010011,1,0.0009765625
10101101000010000010001000011101011011000111100101010101110110010010,1,0.0009765625
10101001101101001011101011010110001101000100000000001001000011010100,1,0.0009765625
00101010010111011011111110011101001011110101100100100011110000011010,1,0.0009765625
11110100010110010011001100101100001001110010000111110011110111110000,1,0.0009765625
11010010011010111011100000101111111100000101101110001110010100110001,1,0.0009765625
11111000110100001111001001011010010100101101111000000010100111010101,1,0.0009765625
10101100000101000100100100011101010010100101010011100001010000001011,1,0.0009765625
00011100011000110110001101101100110000110011111001111010010111110001,1,0.0009765625
10010010011101111010101100001001101000111110101101001010000000110110,1,0.0009765625
10101000011111111001110001010111010100010010000100110001110101111011,1,0.0009765625
00100101111111111100101101110101000110000110011000011000001111111011,1,0.0009765625
10001111001101111101001010001001110100000111100110010011000001110111,1,0.0009765625
00101100000101010110000011100110101100110101111100000010000011010001,1,0.0009765625
10101100000000111110111110010001101011110100010111011111010100001001,1,0.0009765625
11000000111111001110010000111101000010110111111100010001100100011110,1,0.0009765625
01001111001111001010001010000001001100101110100101101000000000110111,1,0.0009765625
00010101110000010101100100011000011101001100110101000010110010011000,1,0.0009765625
10100111010011100000001100011110010001111000101011101001110110001110,1,0.0009765625
10101101011101101111000011001100000000101101011100011110000011110001,1,0.0009765625
10000100110001000000000100010100000110110011010011010011001100100111,1,0.0009765625
00110110101011101110110100010001110111110111000011011000100011100010,1,0.0009765625
00010111111110000101101010011000111101101010000100111010011110010010,1,0.0009765625
10000110101100100000000010110110101000111110000001001101100010110001,1,0.0009765625
00001111110101100111101110101100101100100111001011011010101010110010,1,0.0009765625
01111011001111100100011010110010111000111010100001110100110011101011,1,0.0009765625
00000011101100110100101010011100011101001101110010001011100110110100,1,0.0009765625
00010001001110000100000100100101101101110010001010110000010100101111,1,0.0009765625
10001101110001111001101110110111010111011101010011000011010000111010,1,0.0009765625
01000001010100010101011110110001111101110100001011000011000101110001,1,0.0009765625
00011100010111110100100000011100001100100010001111000011010001010010,1,0.0009765625
11100011000011001010001010110001011011011011001111110000010010000000,1,0.0009765625
00000001010000011100111000110010110110000010111111101010100110111010,1,0.0009765625
11001000010100011101001000011101010001111110100101100011001101000000,1,0.0009765625
00001100101010000110001000111011100001011000000001011111000100010110,1,0.0009765625
10111001001110110100100001000111110001100110111011110000010100101010,1,0.0009765625
01010111011011010100100100111111000110100010100000110011010100100010,1,0.0009765625
11000100101100110100101100010100011101011110001001100110101001100001,1,0.0009765625
00100110111011000010010011110000010010111100111110010010010100010010,1,0.0009765625
00100110000010010000101010000001000100000101101000001001010110101001,1,0.0009765625
01001110110111010100000000010001101101101101110010010100100000100001,1,0.0009765625
00000110000101010101011111000101110100000100100110110011010100110011,1,0.0009765625
10001010010110010000001010010001011011001010101100110011010110000100,1,0.0009765625
10000111100100011111010000011111000111110010001000111010100000000101,1,0.0009765625
01001110111101001101101100011110101101010110101110001011100110110000,1,0.0009765625
00010101100011100010001001111010000001000101111001100001010100011101,1,0.0009765625
00000000101110010111000100110001011101011101111110111000010110000011,1,0.0009765625
11100001000101100010101111110101000101011010011010010111000111100010,1,0.0009765625
01110111111010100110101100101001111011100101100100000101000110010100,1,0.0009765625
00110111010010000000000001010101100011101000101000110001111011011010,1,0.0009765625
01100101011101010010010001101010011001000110000011000010001011100010,1,0.0009765625
00110000000100111101001110111000010110100000100000001010111011110101,1,0.0009765625
11000111001111111101001001101100111000110010111110101010110101100101,1,0.0009765625
00010100000100010111100111001001100010000010011001000100110101010000,1,0.0009765625
00111011001110100100101001011000010001110011101110100001010110011010,1,0.0009765625
11011010011110010101100101001101101000000011011110011011010010001111,1,0.0009765625
10000100010001100110001001010101000110000010011101111101100111110100,1,0.0009765625
10111111000100011011111000100000101101111001100100110111110000010010,1,0.0009765625
01101010101001001001000011000011001110100101010100100110010001110101,1,0.0009765625
10011000100011011100100101011101001111010010100111000000000010000010,1,0.0009765625
11100111100101011101001011000101111011111010000010110011100011011100,1,0.0009765625
10101010000101001111111111001101010100000000101011101100010010000010,1,0.0009765625
00101010110010010000000010110110101001001110101111110110111010001100,1,0.0009765625
00100001101100001001001001000000100110000000100110011010110001110001,1,0.0009765625
11000110110001001001111100011101011111010110000011010001110010110001,1,0.0009765625
11100110100010001101100011110100100111110110001101101000100001000000,1,0.0009765625
10100001110110001010000011101011111111010011110010101100110000010000,1,0.0009765625
00101010010111010110001000000010001110101111000000100100010110100000,1,0.0009765625
10000011010011000101000010001100000100111010011010011001000010000000,1,0.0009765625
00010011110000001101000101100000100100001110011010111001010111111111,1,0.0009765625
10101010001111010011100111111000111110111001100110000001110001010000,1,0.0009765625
00001110010100101111101111111100100001011101011100010000010000111110,1,0.0009765625
10010100001100010111001101001101100010011010001110000010110010100001,1,0.0009765625
10011101100100010001110111100101000011111100000010101100100010010011,1,0.0009765625
10001010001100101001111111010000001111111011000110110011100110100000,1,0.0009765625
10100011000001111010100001000100100001101110100111011000100101010110,1,0.0009765625
11110000111011101110011111101010101110010011101001011000000101101011,1,0.0009765625
00111010100010100101001001110101011010100000111101100110100110110000,1,0.0009765625
00000101111011110100100010011111100010110001111010011101000111100010,1,0.0009765625
00000000000000001111011011000011111111110000010111010100111001101001,1,0.0009765625
01001100000111001111000110001100101101100000111010000011010001101000,1,0.0009765625
00111010011100010010101001100101010111000011110001110011000001100010,1,0.0009765625
01001110110011011011001110110110001000101100001110000000001011100000,1,0.0009765625
01110101010110011111000101010100000110100001000111110001000101001011,1,0.0009765625
10011011101011010111001100101100000000100011000011010010000100010100,1,0.0009765625
00100000111101010001000100010100110100110000010110100000000010100001,1,0.0009765625
01001010001110111111101111110001011011100110111101000001110001000011,1,0.0009765625
00000111000001010111000101100001011100000000100011101100100011111001,1,0.0009765625
11000001001010001010001110101111111001110011000111110111100101111111,1,0.0009765625
11110000010110011110100111011011110010101011100001110001010100101000,1,0.0009765625
00100100010101111000100001111101011111100011110010111101100111101001,1,0.0009765625
01010100010100011100000100010011011100011010101110011000010001001001,1,0.0009765625
10100001110100001011000111001110000111100010111010111011110011101000,1,0.0009765625
10001111000011100110111111110010010101010010001101001110100001110001,1,0.0009765625
00000001010100101100100110010000001000101001110110100001100001000111,1,0.0009765625
00101011010001011010000011110100011100010100010010101001010010111011,1,0.0009765625
10000001001111011111001001000001011110111001001010100011010110010011,1,0.0009765625
00100011011110001111001010110101011010110110110110000110100001110110,1,0.0009765625
00011010010000100111001111110001100100010111011100010111000000101010,1,0.0009765625
01110100100100011100100100011011010111011000011000000000000000100010,1,0.0009765625
01111000000001001010000100101000000111111100011101100010000011101001,1,0.0009765625
11001010110101100100111010100000111100001001101001010100111110100001,1,0.0009765625
00010110000010100010011110101011100010111000001011010000100010110001,1,0.0009765625
01110100110101000110101001101101010010100101110011100110000000111011,1,0.0009765625
10111001010001101111000101111001110011000111010000110111000110001001,1,0.0009765625
11100000000000101101001111110011011010001011001101110000100100000000,1,0.0009765625
01100100000101010101000100010001100110010100110000001000011011001110,1,0.0009765625
10101001001100010000001010101100000110011000000110001000110100110001,1,0.0009765625
10111100000111110110100000001101100011000011101100011001010001111011,1,0.0009765625
00010100000111100111100010010000110110011101011100010011010001110010,1,0.0009765625
00110100010001000001001010101101001100010010101001000011010101011000,1,0.0009765625
00001100011010011011000111100100011000111010110010100100010000111100,1,0.0009765625
11110011111010011011000011110100111111101100111110100010110100101101,1,0.0009765625
00001100111110100110101111110000011111001011000111000110000010110011,1,0.0009765625
00000101001100011011101010010011101101011001101001111000001111110000,1,0.0009765625
00101000010101100101001101001011001100011000000110111000110100010100,1,0.0009765625
11100010101001010110010110111011010001010001100011100011000010010010,1,0.0009765625
00110000101110010100111011010010011011010111011100001000010011010000,1,0.0009765625
01101101110001100010100011000101101110101001101010110000010000100011,1,0.0009765625
01010110011011100110111111000001011011110011011011000000010011000001,1,0.0009765625
01000101101000110101100101001100100101000111110011111110001001111011,1,0.0009765625
10000101101010000000001001011101001110110000101110111011010000001001,1,0.0009765625
01101010001000111100000010111011110111101111000100000111000001000111,1,0.0009765625
01001111101010111000111100110011100010011111101111011001010111010101,1,0.0009765625
11100001100101001110001011110000011001000001011101000010100000111010,1,0.0009765625
01010001011100110110101100100001011100110111111111110010110101101000,1,0.0009765625
01111111111101001101000010100110011111100011010011101100110110100011,1,0.0009765625
11010000101011011001001110011101011100101011010011011010100111101011,1,0.0009765625
01010100110100000000000001111110110111010011010000111111110101100010,1,0.0009765625
00100011011010011100100110111100111011110010011011000101100000111011,1,0.0009765625
11100000010011100010011100110101011101000011011011000110100010010111,1,0.0009765625
10011101101010000111101100110110000011011011011100110100000011110010,1,0.0009765625
11111010011101001101001111011011100111011011111100110010110001000010,1,0.0009765625
00001101010100111110111010001110100001101011000011011111100101110110,1,0.0009765625
10101010000010101100101101111011001011101111101010110011000010011010,1,0.0009765625
00011101001010110001111110110100011101111000001001100000110100111011,1,0.0009765625
00000110101100110111101101100101011100100100100100001010010101000010,1,0.0009765625
10111101100100001000001010000001011110100110001100111011000000110010,1,0.0009765625
01101101001011100110101111000101001101000111101100000010101111101001,1,0.0009765625
01100110011000100000010100111001100000101101001101010001110101111111,1,0.0009765625
01110101011001000110100011110000101000101011001100000001010111100000,1,0.0009765625
10000100111011011110011001111001110100000011010101100010110001110101,1,0.0009765625
01101000011010101111000001000000010010111110100010100001001111100011,1,0.0009765625
10000000111001110010111000111110100001110001111011101001010101100001,1,0.0009765625
11100011010000110010100000100010001010110111000101100001000100010000,1,0.0009765625
10001011010110010100001000000010011001010101001010100011110011001111,1,0.0009765625
01100001100111001010100000110010100101101010110001001111010111110001,1,0.0009765625
10101100011101000111001011011110110101011110001100100001111110101001,1,0.0009765625
10100011111011001111100000001110111000010101110100010011000000000110,1,0.0009765625
01111111011000010010000010010001100111001000011000101110010100000111,1,0.0009765625
11110010010101010110111001000011100011000111111100010111100100110010,1,0.0009765625
00111111001111010111100011110010111111001001110000111000000111111000,1,0.0009765625
01000000111111011001001001110101101100110100001100101100000101100011,1,0.0009765625
11100010111110110001010010101000110010001100110100100011110101100001,1,0.0009765625
00000000100100111011101100111100100011111111000010000000100011001011,1,0.0009765625
11111110111111000100100101101100110110010100010010010010000110001001,1,0.0009765625
00000100000100001110111101000001011001100011111110000010010110100000,1,0.0009765625
10100010110000111010101110010001100110100001000110011100011000000001,1,0.0009765625
01010011011111001100101011010001011011000101101101100000110001011011,1,0.0009765625
10100110010100011110101100010000100000001100001010111011110010101011,1,0.0009765625
00111100010100111010100111001010100111011100110101001010000110111101,1,0.0009765625
11001100000110001100100111111111011100100010010001101111010011110001,1,0.0009765625
11100001011010110011110111101010011001100000111100001100010111110000,1,0.0009765625
10001011010110111110001010010100100110011100100100100010000100000100,1,0.0009765625
01010000000101010101000000010000110101001110001010001011110110000001,1,0.0009765625
10110010100001100111011101101100100110010010111110111000110010110010,1,0.0009765625
11011010000101010100111011111101010010111001010101111101100000010010,1,0.0009765625
10010100110110000101101110100001100100101000000111010000111110011001,1,0.0009765625
10110111101101110100010000110100001001000000011010001001010011000000,1,0.0009765625
00100110011000010111100101110100010100011011001001000111100011010011,1,0.0009765625
00000110110001100000101100100000111000111101110000011110110001110110,1,0.0009765625
10011010001000100010001100110000000110100010011000100010010011110101,1,0.0009765625
10000111000001101000001110010011111101100010011101010100010110101011,1,0.0009765625
11101001011101010000001101010100000010101000110110011111110100110101,1,0.0009765625
01010101011000000101001111100110111001110111101101000001010011101011,1,0.0009765625
01101000100001111000100011111100011101100010001110010110110010101010,1,0.0009765625
11111011110001001110101010110101111011001010100000110011111011100001,1,0.0009765625
00000010100110000110100001011001101101111001101110110010000111101000,1,0.0009765625
01001111111101111110101101011010110001011010011101001101100001010000,1,0.0009765625
00101111001100101100100111111000101111011101110000001000110000010101,1,0.0009765625
00101101100100110010001111001001000101010000000001000001100111010001,1,0.0009765625
11000010101110110100100010011010100010110000110010001011100100001110,1,0.0009765625
01001111011010001100000110001101110010000000011111111011100101010110,1,0.0009765625
01001100010100000100110000010100111000111010011001010100101111000001,1,0.0009765625
00000000010111100110001111110000100111001000100110111000000111001000,1,0.0009765625
01000010101100100111100000000110100010001000100101001000110110001001,1,0.0009765625
01000100100110100011001100101110101100101010011101111010000011111101,1,0.0009765625
00100000011101000011011110010110110100110110000100111000111101010100,1,0.0009765625
00000100111011010100101100011101110110110000000010111100010101110001,1,0.0009765625
10011010110110010001000100110101000110011110100011100000100100111000,1,0.0009765625
00100010111011001001101111011110110110100000110100000100100100101100,1,0.0009765625
10000111010100101110111101010101010100101101100111001100100000010000,1,0.0009765625
00011011010010101101100101010101101101111101100001100111110110000110,1,0.0009765625
01111011111110001111111010010000100010000011100011110001010110010110,1,0.0009765625
01110001001010000000001011000001010010011010000010110000100000101111,1,0.0009765625
00011001010001000001000111101010111101100000111100110011011011000100,1,0.0009765625
10000100110100011101001111100110101110000001111101110001100001101100,1,0.0009765625
00111010111011000100010100110001010011100101001010001100000110000010,1,0.0009765625
10100100100110101011011100011010111110010101000100100010100110011000,1,0.0009765625
11001001000010001011010110000010001110011000110010001100010001000000,1,0.0009765625
01011001101101001011000101100101111110100001111100011110010111110100,1,0.0009765625
01101111011001110110010001111011101110100111001100000000101111111010,1,0.0009765625
00001001010000100001100000000010100011011100111111001001000110100001,1,0.0009765625
00101110011100000100100011101001000010100001011011100011000100001010,1,0.0009765625
10111011000001100011110000100001110101101110101010110100110011111001,1,0.0009765625
01000111010011000001100010101101110010010010001010101000000010011000,1,0.0009765625
10101100011011010101000111001110111110001000010001001101001011101000,1,0.0009765625
01000101010000001101110001001101010111010100011101011100011100101111,1,0.0009765625
11000110100010111010111100110000000101100011100011000001010010110001,1,0.0009765625
00111111010010011111111001100011101011010110111111100101011101010000,1,0.0009765625
00110110010111001101101011010001000111101000010000011111000001010010,1,0.0009765625
10111011101100001010001010111001011111000001100000110110110111100011,1,0.0009765625
00100000001001010111110010101100101100101110101111100000010001000010,1,0.0009765625
11000100001001010110011111011101101111000111001001001001100011010100,1,0.0009765625
11010111101111001101100110010100110100010110111001101010000100010011,1,0.0009765625
01001011011111111101010101000100001010111001110111110010011011010111,1,0.0009765625
01110100101110000100001001100010000100111111011010010110100001110101,1,0.0009765625
11100111110100001001101100111001011100010100111110010000010001100011,1,0.0009765625
01000001000110100111011000010001011110010111010011101111100101000000,1,0.0009765625
10110110100100101001001110011111100011100011011111011000010111011001,1,0.0009765625
10000000001001111011000001100101110010001000100101001011110100011100,1,0.0009765625
00101001100100100111101011101100000100000111110111111001010011111110,1,0.0009765625
10001001011101011100100100000001010000010011111001001010110101010000,1,0.0009765625
00100100011010101110000100010001000101010101111011101000010100100000,1,0.0009765625
00000101011010011000000000110011111110010101101010011001000111001101,1,0.0009765625
00100000011101010100101010010001111000010111111101010100100111001001,1,0.0009765625
00010110111111011010000110010101001110111001000111001010010101010110,1,0.0009765625
01000000101111000111100111010100100110010101101110111011001111100000,1,0.0009765625
11100001101011100011001001001011011100000101111010001100111011110010,1,0.0009765625
11111111110011000111001100010101000100101000011110111011000100110010,1,0.0009765625
01110001111011111111010101100100110111000101110010000000110011011110,1,0.0009765625
11111111011001111111101111010100010110001100101101001000100001111000,1,0.0009765625
11111110110100010101111001000011111001000111000110110111100010101011,1,0.0009765625
10101100010000001000000001011101011101001010010110010001100101000110,1,0.0009765625
10101010010011000100000110010000010011011011000101101001100011000011,1,0.0009765625
00001110100100111001111111011000001111100101010111110000111000100111,1,0.0009765625
00101010110110100011000111000001011110000110001110100001110011111110,1,0.0009765625
10111100001110011111101101010100010111111001110010000001100111000010,1,0.0009765625
00110101010110001001101111011111101110101000011100100110010111001011,1,0.0009765625
11000000011110111010001000111100000100001001111111111011000111110111,1,0.0009765625
00110001110100100101011001101001111101010101100001010111110111010011,1,0.0009765625
01001101011101100011010000000011001000110100010100110001001100010000,1,0.0009765625
00111000111000111000110011001111101111101001101100010010000010110011,1,0.0009765625
00001111011111010100000111011100000010010000100110000001000010110010,1,0.0009765625
11100111001110000110011001101110010001101110111111001011110101001101,1,0.0009765625
00011011010000000110000110101001010100100010010011101001110010110000,1,0.0009765625
01010101000100011101000101101001011011110010110111111001000000001000,1,0.0009765625
01000010111101100110100101000011001100111000101001111010000000001001,1,0.0009765625
01011101111110010000010010110100110101101001001011001110100011011011,1,0.0009765625
10101111101110110101011111000100001011001101001100100110010111001011,1,0.0009765625
00000111011100111010001000111110111111001001110101110111110101000001,1,0.0009765625
00111101110100010011000011111110100010110000110101101010000011100000,1,0.0009765625
01001111100111100001010101110010101101000111111110001101000010100100,1,0.0009765625
00111001110111001111101011101111111010111101011100000010001111011100,1,0.0009765625
00001100111011110010011011100001110011111001101110010110010011001000,1,0.0009765625
01110001110001101111001101110000111011110010011110111001010110010100,1,0.0009765625
10100101101101110110010000011001110111011001010101000010100111100010,1,0.0009765625
11010101110010101110010100101011101101110010011100100011110100001110,1,0.0009765625
00000100010111110101110110101100000001010110111101000011100111000000,1,0.0009765625
00101110100001010111010001000110011111110001100100011101010110111110,1,0.0009765625
00011011010001100110110010110100001111100100010010000101110111001010,1,0.0009765625
00000100011001111100000110011111100111010010010000010010100010110011,1,0.0009765625
01101000111111010001011110011010111100101110110101001010100100000011,1,0.0009765625
00110111001010010001001011111000011100101010001101100000000111100101,1,0.0009765625
11111101101010110111100111000001111010110001111111001001100110011010,1,0.0009765625
11110001111001000001111101101111001010110111110001110010001100010100,1,0.0009765625
10101001001101000110100101110111011101110000110011000100110100110001,1,0.0009765625
10001101001001101110011011000000000100000111011001111000000010110011,1,0.0009765625
11111000100111011101101110000001111110011001011111100111000100000011,1,0.0009765625
10000010111100100010111011100101101010111111011110000011110101000100,1,0.0009765625
10001010101000010000000101100111011111001000101110110101100001111011,1,0.0009765625
11001001011101011001111011110110001100010010111010100011110111100010,1,0.0009765625
10001010111001011101000111110000001100111000010110010111110011010001,1,0.0009765625
01010001010001001100011001101100010010100010101111010010000010100001,1,0.0009765625
00101011100001001111001011010011001000001000011111110000000111101001,1,0.0009765625
10000111111110010010110000010001111001010011100101010111100101010001,1,0.0009765625
00110000011010000011000001110011011100111001100000101100000001011100,1,0.0009765625
01110011001100101110011101001110001101011101001011000011100110010001,1,0.0009765625
10110100011011001011010100011111110010010111111111101010110011100000,1,0.0009765625
10101111001110010100100101000010101110001111010100101110010001100000,1,0.0009765625
11011000011111001101000010101100101010011110100111001001010011010101,1,0.0009765625
00110010001110001011000101000000110001100000000100001100100011110110,1,0.0009765625
01101100111111001100011001010000110111110111011111110001110110000110,1,0.0009765625
01001001100100010010010100110001100111111001000110000100000010010111,1,0.0009765625
10101101000100100101001001000000111101000100001101100111010011011111,1,0.0009765625
11101010110111000100010111101100001100001101010111100101000100111010,1,0.0009765625
00111001000010001010110011011010011101111110111101000110010011110011,1,0.0009765625
10011111100101110101001011000000101101011100110101000000100011011001,1,0.0009765625
00101110010110100010100101011110110011101000100010101100100110001110,1,0.0009765625
11001010101101110010000001101111010111101111001100110100010011101001,1,0.0009765625
10010111010101101101000011001101110111000001000000010011011001111110,1,0.0009765625
01010100001011000100100011101110111001110111101110101001110000101010,1,0.0009765625
11110000011111101011110100100110010011110010001110110111010110100001,1,0.0009765625
00001001001010001110000010000001101100110011001101010110110010011000,1,0.0009765625
01100001001111010011000010001111000111000101110110100000010001100010,1,0.0009765625
10001011010110001000011010010111000001000010101001100001000111100101,1,0.0009765625
10101101001110100010111001101010001010000110100110111010011010110001,1,0.0009765625
00011000011001011100000110011110111001100010000110010011010011100001,1,0.0009765625
01000100111111110110111101011100010010111111110110100010000101100010,1,0.0009765625
01110010011101110010010000101010011011011000110000110101100111101011,1,0.0009765625
10101110001101010101110111110000010100000000000101100101110001001010,1,0.0009765625
10001001010111010111001010110010001011101101101110001101100111100100,1,0.0009765625
00100111001110001000010110111100000111111000100000010110010111100100,1,0.0009765625
11101001010100000010101100111110111001101010100001111001101111110010,1,0.0009765625
00111000000000010101000010101110001000010111110110001001010111010000,1,0.0009765625
11001001010111001111100110111001011100101010010001000100000111101011,1,0.0009765625
00110001010110101111000011110100111101110111011000100110100011010111,1,0.0009765625
10001111100111001000011011011000000100100100010110101110110111101111,1,0.0009765625
11101100001001001011100001110011011011000000001001110100011111101010,1,0.0009765625
01000010101000101000001111111100010111100000001010000001000011001000,1,0.0009765625
00110111000000001111110000001111110010001100001110001011000011110111,1,0.0009765625
00000010010100010100001101100101110110101110111001010101000011001010,1,0.0009765625
00010111010100010101111010110010010100000000010110111011000101101000,1,0.0009765625
01000001010111010110110001010011011000110110001010000111010111100010,1,0.0009765625
10101101100111001000011101101000010001110100000100000000011111111000,1,0.0009765625
11111111110000110110001111010010101000100111010101110111010010001101,1,0.0009765625
11000111011010111000111000111111011101101110010010010111110101000110,1,0.0009765625
11000110110000001001111111100111011111101000000000111001010110011001,1,0.0009765625
11110111001100111101101100100000011000011100110011100011010111111001,1,0.0009765625
01111001101110001001010111110000001101101010001001000010110000010001,1,0.0009765625
10110010001110110101011001000000111000101111011101010000000101100001,1,0.0009765625
00000000101001010000110001000100111100101001111110001010000000000110,1,0.0009765625
00100010010101111111110011010101000001001101011101110000100001011011,1,0.0009765625
10110001101101100001100111110010111110001111000001001001110011100011,1,0.0009765625
11011001000101101111100101111001101000010110110111010011100110001011,1,0.0009765625
01101100011100111011101110011110101001101001010110110111110000110011,1,0.0009765625
10000111000101111110010101001010111100101100111100110011100111101110,1,0.0009765625
01101111010100010111100010011001100011110000000000000101001100011010,1,0.0009765625
11101000010001011100010010110000110011110110100100000001100111010000,1,0.0009765625
01111001110001010101000011110100010110011101101000000011100000111101,1,0.0009765625
11100110001010110110111100010100111100010000111110111010110010100100,1,0.0009765625
11101100010011110111010111010100100000100001010011000011100000100011,1,0.0009765625
01000110110110000010011001000100101110100000110110110100001011010000,1,0.0009765625
10110111011010011100101011101000011100001101101110110010101001000011,1,0.0009765625
01000011100000100000000001001011010100011001001001101001000010101110,1,0.0009765625
00111110000000000000100110111101110111001010000001000010100010100100,1,0.0009765625
10000000000110110110010000110001011100100001101011000111010001001010,1,0.0009765625
10101101011110000000100000001011010010001110110110100101000011100000,1,0.0009765625
10001001111001011110001111000011011100001010101010111001010011111100,1,0.0009765625
00011010010110010000000111011001100011010001100000000010111011000010,1,0.0009765625
00101110100011000001110001101101001101111010010000101011100011000011,1,0.0009765625
10110110111001101011111000010011100001111011101110100111101111110100,1,0.0009765625
01000010001010001001000110101001111011010001000101101011001101000001,1,0.0009765625
10110100000001000111101011010110100110110001001101100000110011011000,1,0.0009765625
00100010000110001101001010101111000010100100000011111010011000101011,1,0.0009765625
00000011110110010111010101011001000110111010000100010010111001101101,1,0.0009765625
10010000011101110000100101000110110111110110101110000101010010010000,1,0.0009765625
10100011100111110101100110110100010111101101111001000110110000100001,1,0.0009765625
11100101011100100010111101101101011010110010010100101000000100000000,1,0.0009765625
10001011001001110011001100001000100110101110100001011011110011111111,1,0.0009765625
11010011101101001011000101111100001011111010011001111011011111001001,1,0.0009765625
01101110111010000100001101010010110000100001000111001011110010111010,1,0.0009765625
00101011110101111101100000010011101000100101011110000000010100000111,1,0.0009765625
00101001000111001010101000011100110010100111100111110000010010110000,1,0.0009765625
10000110100010110010101101110000110011100100011010011111110111110010,1,0.0009765625
01000101101010110000100011011111110000110001001111010100000010000110,1,0.0009765625
11110001101001111100000101101101001110100001101010011110110001111111,1,0.0009765625
01100011110101110111000101110100000101101011111011101011100010100100,1,0.0009765625
10000010000000110101001000111000101011101100010000110111000010010100,1,0.0009765625
01001100110111111100000000010100001011000101101111010100010110100011,1,0.0009765625
10100111011100011001001100010010111111000000100010101001110101110100,1,0.0009765625
10100101101111000111001110100001000100010000000101011000010110011001,1,0.0009765625
10100100110111001001101000001000001101000101011011010010000111110110,1,0.0009765625
10011110001101010000101100111100101101110101010001110011000010001100,1,0.0009765625
00100000100101000011111110001111110000101100001001100110100000001011,1,0.0009765625
10100010101100010100001101110000110110101110110100101100100001111111,1,0.0009765625
01001001100001010111100000100000010111110101111111100001100101010001,1,0.0009765625
00011101010100000011000111110100111010111111000110000111110100001100,1,0.0009765625
00110001111001010111100100110010111100000011000100100000110000011100,1,0.0009765625
01101001110010011000110011010111110010100100110100110011010101100110,1,0.0009765625
01100111000111110001101100111100001100101111011000110000000111101011,1,0.0009765625
01001010100111100100001101111011001000011111001111101100100010000000,1,0.0009765625
01010110111001101111000010011100010111000001010010100011000100010010,1,0.0009765625
00000011111000101100010100110010010011001100000011010110010011001100,1,0.0009765625
11101000100001011010011000011000010011011010111101010001010100010000,1,0.0009765625
10101101100111000110011100000100010110101110101101000101000010000000,1,0.0009765625
10000101101001100111101011110110001011111001110100100001100010000101,1,0.0009765625
00101110010100111011000001011001010011000001110100000011110101111000,1,0.0009765625
01011011110010000010001100110101101100101011101101000011110010011110,1,0.0009765625
01110001110100111111100011110100000100101001011000110100000110100010,1,0.0009765625
01011011011011001111000000111001101100001111001111110001000100100100,1,0.0009765625
01110111010010111100101011100101001000001111111011001011010101000001,1,0.0009765625
00000101101110101100100110000000101111010110111100110100101111001000,1,0.0009765625
10110101100010101110010101110110111100010000110011100001000010111001,1,0.0009765625
00111111110101111010100001000101011111111110100101110011010001110101,1,0.0009765625
10110011100001000001001000011010010100000010111111011011000010000000,1,0.0009765625
01000100110000110110001101011000010110100101010111111001100001010001,1,0.0009765625
00101110011010011101011010010100010001001001100011110001100011001011,1,0.0009765625
10010110110100000111001111110011011100011111111010110011000011010001,1,0.0009765625
11011111111100101011101001100000011101010010011100101001100010001100,1,0.0009765625
11001001000100101010111110111100011110110011001100100101011101110010,1,0.0009765625
00010100111110000010000101101111101100111010011011101110110110101010,1,0.0009765625
00100001000011000000011101110010100101101001011010100101010000011111,1,0.0009765625
00000010001101000110010100110101100001111010011011010101000010100111,1,0.0009765625
00010010010010110101110100110100000101000111001101001101101001011111,1,0.0009765625
00100111001111101110001100111100011011101010100011001000010110111010,1,0.0009765625
00010100000111110101110010110111011111101001101011001011000111001111,1,0.0009765625
10110010110101110101101110001100011000101000101100000011000111101001,1,0.0009765625
11101110111101001101111110111011110100000000100110100010010011110101,1,0.0009765625
10011101111011010000100011011000001111000011010100000011100100010001,1,0.0009765625
10011111011011000001010101001001111111100010101101011001010100111101,1,0.0009765625
11000111110110110110111111011011011101100100000100011001110000010010,1,0.0009765625
00001101001101101010000101000011000000110011110001000001000001110010,1,0.0009765625
01000001100100011110110111001100101011001111010010110001100010011110,1,0.0009765625
01110010001010111101001101100111110001010001010111110101110011111100,1,0.0009765625
01100000011110000000011100010001010100110111110101110010000110010101,1,0.0009765625
11001111100101001011001000010110110100010100010111010111000001101010,1,0.0009765625
10011001010001001110101101101101111110101101001110001011111110101001,1,0.0009765625
01000011110001110000100110011000110101011101011100010101010110000010,1,0.0009765625
00110110110001010110101000110100100011101110101011000110000111110011,1,0.0009765625
10100111101011101101110010100000111010101001100101110001010001010010,1,0.0009765625
10000011101110101110110101001001001101111010110001110000110101000111,1,0.0009765625
00011011011110011011000000111101010101001110111110101111100111010101,1,0.0009765625
10001101011000111111100010001000010001010100111011101001100110101110,1,0.0009765625
00000010001110011100000001100001110011010111001100110100000011001000,1,0.0009765625
01111001001110000001001011110110101111110111100010100001001111110001,1,0.0009765625
01000000010111000010001100110111101110111110011101100000001010011100,1,0.0009765625
01011011100001001101001011101100001101010001000010100001110000010010,1,0.0009765625
00100001000101101010101110000110111111010101010010001011000010010100,1,0.0009765625
11001111110010110100001001100101110101011101010100001011000011010100,1,0.0009765625
01101010111110100100001011110101000101101101011011110000111110111011,1,0.0009765625
10101100010001000000011001001101101101110110111101010100100101101000,1,0.0009765625
11001001011010011010000110011011101111000010011010001011110010100100,1,0.0009765625
10100110110111000011000010100111010110111100110010000000110111010010,1,0.0009765625
11100001100001110111101100000111110111101001101110011001010100001011,1,0.0009765625
11111000001001111010100010010111111010011011111011100001011111001011,1,0.0009765625
10100100000011000101111001001010000100100101101001000110100011000110,1,0.0009765625
11111011110010010000100111110110110010111100010101010010110101101000,1,0.0009765625
00110000111000110111111111010001011000010011110101100011000100111001,1,0.0009765625
01100101001101000101011000001010000100111001111001100110100011010001,1,0.0009765625
10110100001110010111110101100001001111111100110101100011110111010000,1,0.0009765625
01101101001010010100101010000001101110111111000000000100100010000010,1,0.0009765625
00100100100001011001110101101111000011101001000101001011110100000000,1,0.0009765625
11000001100110111110001011110101000000010110001101100000010011000000,1,0.0009765625
00111001001101010100010010100001110011100111000111011101011101011000,1,0.0009765625
10111001010110001110010100111101011000110100101110011111100101000100,1,0.0009765625
10000111001111001110000001110100100010001101000011000000100110110001,1,0.0009765625
01000100011100001001010001001011101101110010011100011001100011001011,1,0.0009765625
00100101101001100110010101111010111010111100110100011011100100111100,1,0.0009765625
10111000110111000110000011110101010000110110000110000110010010000110,1,0.0009765625
11110011110101111010101001001000111100011101100011010011001011111000,1,0.0009765625
01100111011000010110001110011100000000110110101001000001110011000001,1,0.0009765625
01100000010000110011100011010101011110010110110001001101010000111101,1,0.0009765625
01000010001110001001101010010001010010100100101010110011001111110001,1,0.0009765625
11011100100001011100000100111110000011001001001111111000010101000001,1,0.0009765625
00010001000000000000111101001111101100001001000111010110010010111001,1,0.0009765625
11101110011100010001011110100101101001000100010100010011000110010011,1,0.0009765625
01000110010110000101010101110111000110001110100001110001000110110011,1,0.0009765625
11000101000100011110000100110000100101111101000100111000100111110001,1,0.0009765625
00001111100100111000011010011010111001111110011001001010110111000100,1,0.0009765625
00000100001110111000001011101011101100110110011100110111010110111110,1,0.0009765625
01100100011110111010001001010101011101111111110010100000110011010000,1,0.0009765625
01000010000010110011000011110001101011101100010010110001110001100101,1,0.0009765625
01100010110001100110001101111101100111010010011101010011010111011100,1,0.0009765625
11100111111000010110101001101110101100111000011101110000000110110000,1,0.0009765625
11111011100011110101001110011101010101011100011111110010110010110000,1,0.0009765625
00010111111010000101001110010100000101111000110001000000010010111010,1,0.0009765625
10110000101000000001110011110111001010001010110010010101101101011110,1,0.0009765625
01100111100110000100110010000110010100011010001011101100110111001010,1,0.0009765625
00110101110110110010001100110101001111110000001110011011100101110111,1,0.0009765625
